Task,Dataset,Model,Explainer,Metric,Value
Regression,lux_generation_2015_clean,LinearRegressor,feature_ablation,RMSE,-0.013745715841650963
Regression,lux_generation_2015_clean,LinearRegressor,feature_ablation,Pixel Flipping,0.13173998786452212
Regression,lux_generation_2015_clean,LinearRegressor,feature_ablation,Faithfulness Correlation,-0.9761904761904762
Regression,lux_generation_2015_clean,LinearRegressor,feature_ablation,Continuity,-0.13391304347826083
Regression,lux_generation_2015_clean,LinearRegressor,feature_ablation,Average Sensitivity,-3.5926149394861415
Regression,lux_generation_2015_clean,LinearRegressor,feature_ablation,Sparseness (Elem),0.5816272346239135
Regression,lux_generation_2015_clean,LinearRegressor,occlusion,RMSE,-0.013745715841650963
Regression,lux_generation_2015_clean,LinearRegressor,occlusion,Pixel Flipping,0.13565851374675408
Regression,lux_generation_2015_clean,LinearRegressor,occlusion,Faithfulness Correlation,-0.9047619047619048
Regression,lux_generation_2015_clean,LinearRegressor,occlusion,Continuity,-0.006956521739130417
Regression,lux_generation_2015_clean,LinearRegressor,occlusion,Average Sensitivity,-1.3599295448483775
Regression,lux_generation_2015_clean,LinearRegressor,occlusion,Sparseness (Elem),0.5732114431296542
Regression,lux_generation_2015_clean,LinearRegressor,tabular_ablation,RMSE,-0.013745715841650963
Regression,lux_generation_2015_clean,LinearRegressor,tabular_ablation,Pixel Flipping,0.1371245568221338
Regression,lux_generation_2015_clean,LinearRegressor,tabular_ablation,Faithfulness Correlation,-0.9285714285714286
Regression,lux_generation_2015_clean,LinearRegressor,tabular_ablation,Continuity,-0.050434782608695716
Regression,lux_generation_2015_clean,LinearRegressor,tabular_ablation,Average Sensitivity,-1.4588526014672842
Regression,lux_generation_2015_clean,LinearRegressor,tabular_ablation,Sparseness (Elem),0.5746495470518842
Regression,lux_generation_2015_clean,LinearRegressor,lime_tabular,RMSE,-0.013745715841650963
Regression,lux_generation_2015_clean,LinearRegressor,lime_tabular,Pixel Flipping,0.13013552357906943
Regression,lux_generation_2015_clean,LinearRegressor,lime_tabular,Faithfulness Correlation,-0.9523809523809523
Regression,lux_generation_2015_clean,LinearRegressor,lime_tabular,Continuity,-0.032173913043478275
Regression,lux_generation_2015_clean,LinearRegressor,lime_tabular,Average Sensitivity,-3.877181698383985e-08
Regression,lux_generation_2015_clean,LinearRegressor,lime_tabular,Sparseness (Elem),0.4052454162919775
Regression,lux_generation_2015_clean,LinearRegressor,kernel_shap,RMSE,-0.013745715841650963
Regression,lux_generation_2015_clean,LinearRegressor,kernel_shap,Pixel Flipping,0.1356795061897676
Regression,lux_generation_2015_clean,LinearRegressor,kernel_shap,Faithfulness Correlation,-0.8095238095238095
Regression,lux_generation_2015_clean,LinearRegressor,kernel_shap,Continuity,-0.06130434782608696
Regression,lux_generation_2015_clean,LinearRegressor,kernel_shap,Average Sensitivity,-5.602225231666552
Regression,lux_generation_2015_clean,LinearRegressor,kernel_shap,Sparseness (Elem),0.6781064753283054
Regression,lux_generation_2015_clean,LinearRegressor,sampling_shap,RMSE,-0.013745715841650963
Regression,lux_generation_2015_clean,LinearRegressor,sampling_shap,Pixel Flipping,0.1371245568221338
Regression,lux_generation_2015_clean,LinearRegressor,sampling_shap,Faithfulness Correlation,-0.9285714285714286
Regression,lux_generation_2015_clean,LinearRegressor,sampling_shap,Continuity,-0.03086956521739137
Regression,lux_generation_2015_clean,LinearRegressor,sampling_shap,Average Sensitivity,-1.6031473098681837
Regression,lux_generation_2015_clean,LinearRegressor,sampling_shap,Sparseness (Elem),0.563814691807734
Regression,lux_generation_2015_clean,LinearRegressor,shapley_sampling,RMSE,-0.013745715841650963
Regression,lux_generation_2015_clean,LinearRegressor,shapley_sampling,Pixel Flipping,0.1371245568221338
Regression,lux_generation_2015_clean,LinearRegressor,shapley_sampling,Faithfulness Correlation,-0.9047619047619048
Regression,lux_generation_2015_clean,LinearRegressor,shapley_sampling,Continuity,-0.02869565217391301
Regression,lux_generation_2015_clean,LinearRegressor,shapley_sampling,Average Sensitivity,-1.7649363225234551
Regression,lux_generation_2015_clean,LinearRegressor,shapley_sampling,Sparseness (Elem),0.5607599693354549
Regression,lux_generation_2015_clean,MLPRegressor,feature_ablation,RMSE,-0.7313702702522278
Regression,lux_generation_2015_clean,MLPRegressor,feature_ablation,Pixel Flipping,0.9552491803905283
Regression,lux_generation_2015_clean,MLPRegressor,feature_ablation,Faithfulness Correlation,0.35714285714285715
Regression,lux_generation_2015_clean,MLPRegressor,feature_ablation,Continuity,-0.2691304347826087
Regression,lux_generation_2015_clean,MLPRegressor,feature_ablation,Average Sensitivity,-52.30350037821315
Regression,lux_generation_2015_clean,MLPRegressor,feature_ablation,Sparseness (Elem),0.42928849828583315
Regression,lux_generation_2015_clean,MLPRegressor,occlusion,RMSE,-0.7313702702522278
Regression,lux_generation_2015_clean,MLPRegressor,occlusion,Pixel Flipping,0.9905353448986366
Regression,lux_generation_2015_clean,MLPRegressor,occlusion,Faithfulness Correlation,0.0
Regression,lux_generation_2015_clean,MLPRegressor,occlusion,Continuity,-0.01565217391304352
Regression,lux_generation_2015_clean,MLPRegressor,occlusion,Average Sensitivity,-9.239453403011499
Regression,lux_generation_2015_clean,MLPRegressor,occlusion,Sparseness (Elem),0.3798325617451993
Regression,lux_generation_2015_clean,MLPRegressor,tabular_ablation,RMSE,-0.7313702702522278
Regression,lux_generation_2015_clean,MLPRegressor,tabular_ablation,Pixel Flipping,0.8998721650834395
Regression,lux_generation_2015_clean,MLPRegressor,tabular_ablation,Faithfulness Correlation,0.09523809523809523
Regression,lux_generation_2015_clean,MLPRegressor,tabular_ablation,Continuity,-0.04391304347826086
Regression,lux_generation_2015_clean,MLPRegressor,tabular_ablation,Average Sensitivity,-20.538426134642197
Regression,lux_generation_2015_clean,MLPRegressor,tabular_ablation,Sparseness (Elem),0.39175140275161113
Regression,lux_generation_2015_clean,MLPRegressor,lime_tabular,RMSE,-0.7313702702522278
Regression,lux_generation_2015_clean,MLPRegressor,lime_tabular,Pixel Flipping,0.6745494887057485
Regression,lux_generation_2015_clean,MLPRegressor,lime_tabular,Faithfulness Correlation,-0.047619047619047616
Regression,lux_generation_2015_clean,MLPRegressor,lime_tabular,Continuity,-0.05173913043478262
Regression,lux_generation_2015_clean,MLPRegressor,lime_tabular,Average Sensitivity,-2.3945591798835357e-08
Regression,lux_generation_2015_clean,MLPRegressor,lime_tabular,Sparseness (Elem),0.39701352048220906
Regression,lux_generation_2015_clean,MLPRegressor,kernel_shap,RMSE,-0.7313702702522278
Regression,lux_generation_2015_clean,MLPRegressor,kernel_shap,Pixel Flipping,0.6906457198338491
Regression,lux_generation_2015_clean,MLPRegressor,kernel_shap,Faithfulness Correlation,-0.30952380952380953
Regression,lux_generation_2015_clean,MLPRegressor,kernel_shap,Continuity,-0.8878260869565218
Regression,lux_generation_2015_clean,MLPRegressor,kernel_shap,Average Sensitivity,-73.91383292916281
Regression,lux_generation_2015_clean,MLPRegressor,kernel_shap,Sparseness (Elem),0.7297033866039448
Regression,lux_generation_2015_clean,MLPRegressor,sampling_shap,RMSE,-0.7313702702522278
Regression,lux_generation_2015_clean,MLPRegressor,sampling_shap,Pixel Flipping,0.8585489399543077
Regression,lux_generation_2015_clean,MLPRegressor,sampling_shap,Faithfulness Correlation,-0.047619047619047616
Regression,lux_generation_2015_clean,MLPRegressor,sampling_shap,Continuity,-0.4452173913043478
Regression,lux_generation_2015_clean,MLPRegressor,sampling_shap,Average Sensitivity,-100.22925633268768
Regression,lux_generation_2015_clean,MLPRegressor,sampling_shap,Sparseness (Elem),0.5455896317609628
Regression,lux_generation_2015_clean,MLPRegressor,shapley_sampling,RMSE,-0.7313702702522278
Regression,lux_generation_2015_clean,MLPRegressor,shapley_sampling,Pixel Flipping,0.7377029618215403
Regression,lux_generation_2015_clean,MLPRegressor,shapley_sampling,Faithfulness Correlation,-0.5476190476190477
Regression,lux_generation_2015_clean,MLPRegressor,shapley_sampling,Continuity,-0.44869565217391305
Regression,lux_generation_2015_clean,MLPRegressor,shapley_sampling,Average Sensitivity,-77.79009420094144
Regression,lux_generation_2015_clean,MLPRegressor,shapley_sampling,Sparseness (Elem),0.4940150878462522
Regression,lux_generation_2015_clean,LSTMRegressor,feature_ablation,RMSE,-0.5634467601776123
Regression,lux_generation_2015_clean,LSTMRegressor,feature_ablation,Pixel Flipping,0.11677214035638933
Regression,lux_generation_2015_clean,LSTMRegressor,feature_ablation,Faithfulness Correlation,-0.9523809523809523
Regression,lux_generation_2015_clean,LSTMRegressor,feature_ablation,Continuity,-0.1847826086956521
Regression,lux_generation_2015_clean,LSTMRegressor,feature_ablation,Average Sensitivity,-2.900690140133814
Regression,lux_generation_2015_clean,LSTMRegressor,feature_ablation,Sparseness (Elem),0.6289041054994777
Regression,lux_generation_2015_clean,LSTMRegressor,occlusion,RMSE,-0.5634467601776123
Regression,lux_generation_2015_clean,LSTMRegressor,occlusion,Pixel Flipping,0.11677214035638933
Regression,lux_generation_2015_clean,LSTMRegressor,occlusion,Faithfulness Correlation,-0.9523809523809523
Regression,lux_generation_2015_clean,LSTMRegressor,occlusion,Continuity,-0.050434782608695605
Regression,lux_generation_2015_clean,LSTMRegressor,occlusion,Average Sensitivity,-1.1328238154570955
Regression,lux_generation_2015_clean,LSTMRegressor,occlusion,Sparseness (Elem),0.5619106382833854
Regression,lux_generation_2015_clean,LSTMRegressor,tabular_ablation,RMSE,-0.5634467601776123
Regression,lux_generation_2015_clean,LSTMRegressor,tabular_ablation,Pixel Flipping,0.11677214035638933
Regression,lux_generation_2015_clean,LSTMRegressor,tabular_ablation,Faithfulness Correlation,-0.9523809523809523
Regression,lux_generation_2015_clean,LSTMRegressor,tabular_ablation,Continuity,-0.0852173913043478
Regression,lux_generation_2015_clean,LSTMRegressor,tabular_ablation,Average Sensitivity,-1.8207602684095767
Regression,lux_generation_2015_clean,LSTMRegressor,tabular_ablation,Sparseness (Elem),0.5774682900224444
Regression,lux_generation_2015_clean,LSTMRegressor,lime_tabular,RMSE,-0.5634467601776123
Regression,lux_generation_2015_clean,LSTMRegressor,lime_tabular,Pixel Flipping,0.11677214035638933
Regression,lux_generation_2015_clean,LSTMRegressor,lime_tabular,Faithfulness Correlation,-0.9047619047619048
Regression,lux_generation_2015_clean,LSTMRegressor,lime_tabular,Continuity,-0.037391304347826115
Regression,lux_generation_2015_clean,LSTMRegressor,lime_tabular,Average Sensitivity,-1.106263972456665e-08
Regression,lux_generation_2015_clean,LSTMRegressor,lime_tabular,Sparseness (Elem),0.4105653412157193
Regression,lux_generation_2015_clean,LSTMRegressor,kernel_shap,RMSE,-0.5634467601776123
Regression,lux_generation_2015_clean,LSTMRegressor,kernel_shap,Pixel Flipping,0.11677214035638933
Regression,lux_generation_2015_clean,LSTMRegressor,kernel_shap,Faithfulness Correlation,-0.9285714285714286
Regression,lux_generation_2015_clean,LSTMRegressor,kernel_shap,Continuity,-0.35043478260869565
Regression,lux_generation_2015_clean,LSTMRegressor,kernel_shap,Average Sensitivity,-4.8867773359306925
Regression,lux_generation_2015_clean,LSTMRegressor,kernel_shap,Sparseness (Elem),0.6866521501921362
Regression,lux_generation_2015_clean,LSTMRegressor,sampling_shap,RMSE,-0.5634467601776123
Regression,lux_generation_2015_clean,LSTMRegressor,sampling_shap,Pixel Flipping,0.11677214035638933
Regression,lux_generation_2015_clean,LSTMRegressor,sampling_shap,Faithfulness Correlation,-0.9761904761904762
Regression,lux_generation_2015_clean,LSTMRegressor,sampling_shap,Continuity,-0.05391304347826087
Regression,lux_generation_2015_clean,LSTMRegressor,sampling_shap,Average Sensitivity,-1.9239129375973305
Regression,lux_generation_2015_clean,LSTMRegressor,sampling_shap,Sparseness (Elem),0.5237187906001899
Regression,lux_generation_2015_clean,LSTMRegressor,shapley_sampling,RMSE,-0.5634467601776123
Regression,lux_generation_2015_clean,LSTMRegressor,shapley_sampling,Pixel Flipping,0.11677214035638933
Regression,lux_generation_2015_clean,LSTMRegressor,shapley_sampling,Faithfulness Correlation,-0.9761904761904762
Regression,lux_generation_2015_clean,LSTMRegressor,shapley_sampling,Continuity,-0.053043478260869525
Regression,lux_generation_2015_clean,LSTMRegressor,shapley_sampling,Average Sensitivity,-1.7367672091376174
Regression,lux_generation_2015_clean,LSTMRegressor,shapley_sampling,Sparseness (Elem),0.5263561315965792
