trial_number,colsample_bytree,learning_rate,max_depth,n_estimators,reg_alpha,reg_lambda,subsample,value,state
0,0.9686846626648229,0.00804554025669692,3,502,2.1708392626847107e-08,3.0114835476895694,0.7406476227022114,0.21560953817355158,TrialState.COMPLETE
1,0.9444183247359672,0.024375620746044022,6,809,0.024373933983622722,0.15853385702707565,0.7137222077954495,0.07179045070946187,TrialState.COMPLETE
2,0.7240726675639131,0.030549388178926034,8,860,2.418373877236313e-07,2.652464556528996,0.7301749397394481,0.024164013670314833,TrialState.COMPLETE
3,0.6291544163822872,0.0325033209146834,6,406,1.2558657396862754e-08,0.15182986151484396,0.9432945472173792,0.08902147544516477,TrialState.COMPLETE
4,0.8382565370240862,0.008292273304348523,4,809,5.4715511738005776e-08,0.002921882396940617,0.612811426668241,0.1793117429764498,TrialState.COMPLETE
5,0.8493292655158069,0.11463297493345706,7,480,3.861923623751779e-05,1.9443833239290027,0.913113687376694,0.023305634992698443,TrialState.COMPLETE
6,0.68205840458757,0.09316282191644083,6,895,2.9126055929861483e-05,0.006930762712352586,0.8782187340243195,0.025330995038132638,TrialState.COMPLETE
7,0.9872698486692613,0.01033142600771755,6,406,1.0724274304737332e-07,4.528263813680663,0.876915507393615,0.15052721088146673,TrialState.COMPLETE
8,0.9429511191126904,0.04826547002149364,3,408,0.0008271814658732187,1.4638383842341223,0.7230689418956389,0.17237263943174122,TrialState.COMPLETE
9,0.7151072818541094,0.03460388516857499,4,536,0.000300436503777717,0.28091510944474085,0.6302140334372499,0.14202912990007502,TrialState.COMPLETE
10,0.8408896447928548,0.19701725043965262,8,671,4.160757448319862e-06,0.03112293306802275,0.9637903041366772,0.01622165195152002,TrialState.COMPLETE
11,0.8351055156482533,0.1276452309392453,8,652,3.790752889112659e-06,0.02858758135385902,0.9882261111828283,0.015404108901979128,TrialState.COMPLETE
12,0.8047817595906231,0.18182446366536742,8,669,2.182833132007855e-06,0.01956836273225212,0.9964942170851726,0.016535949249422456,TrialState.COMPLETE
13,0.8884985989832824,0.17525353701929652,8,672,2.3649369022907104e-06,0.035146459035429414,0.9886973749303815,0.016498288279059165,TrialState.COMPLETE
14,0.7704600127201223,0.08055486997156676,7,605,3.1869981242915954e-06,0.001437447533346,0.81286901354015,0.02281806760079157,TrialState.COMPLETE
15,0.8897422787796344,0.19783273824380712,7,733,2.285136723340963e-05,0.0226887269552264,0.9523968104352848,0.018116474848172845,TrialState.COMPLETE
16,0.774409506443422,0.06311509878189454,8,599,4.087734278318547e-07,0.6159997201015585,0.8286942839123019,0.018813666147939622,TrialState.COMPLETE
17,0.8795441295653843,0.12228687243741854,5,739,0.0004132869316155086,0.04622477686337751,0.8845145226529473,0.0458551898074974,TrialState.COMPLETE
18,0.8143501018016984,0.016248516497349527,7,986,0.028889221132383198,0.008846282033190295,0.9557102852873823,0.057372925129213416,TrialState.COMPLETE
19,0.7453765369626815,0.13128913552177363,5,577,5.33560496375059e-06,0.06751800778390095,0.8437338407085309,0.051982430478313336,TrialState.COMPLETE
20,0.855506734874511,0.056960710795186845,8,722,7.001748541865861e-07,0.00809896075414369,0.7706657817980789,0.01653998539448509,TrialState.COMPLETE
21,0.9056378479779246,0.16657024900787307,8,668,7.3923845935348675e-06,0.03291746874208535,0.9999031623931077,0.01627973623861361,TrialState.COMPLETE
22,0.918183755065307,0.13015754050011066,7,659,0.00012423124969298892,0.01579225066203075,0.9747738451237417,0.018888842438403133,TrialState.COMPLETE
23,0.8253452846698711,0.08399076204334016,8,327,8.420685841066313e-06,0.08740249443667561,0.9362160238285342,0.023726160930002408,TrialState.COMPLETE
24,0.9119699326488994,0.15741796255145876,7,786,0.001710582185861782,0.004018824742565503,0.9164569284617782,0.016807455719705326,TrialState.COMPLETE
25,0.8595696875922814,0.0958623541055831,8,617,8.283503839124063e-07,0.35696378437825277,0.9951970287514891,0.01681817265337024,TrialState.COMPLETE
26,0.9260147903306373,0.005317720304970034,8,700,1.5245032928447098e-05,0.02861465126406374,0.916955851924511,0.11270718801196183,TrialState.COMPLETE
27,0.7879458246632186,0.14958288736103095,7,530,8.619214867680451e-05,0.013186637685644848,0.6709399408304452,0.019378290398104014,TrialState.COMPLETE
28,0.8873609581419512,0.0671942030986211,8,774,0.003573126177150239,0.07349675383814726,0.9650771444485908,0.016813720355438013,TrialState.COMPLETE
29,0.9702697493516463,0.10867782163038973,7,554,4.8736574348523947e-08,0.00370752491732421,0.9026422236401328,0.02101583301474922,TrialState.COMPLETE
30,0.8195358280480529,0.18688491714419742,8,494,1.4545603767670466e-06,9.24276261072345,0.9994325778978468,0.017307229785030576,TrialState.COMPLETE
31,0.8783303475357369,0.15248901073468527,8,654,6.214759246099051e-06,0.034574739368852754,0.9786632409187359,0.016495739027667752,TrialState.COMPLETE
32,0.8639271873239395,0.14861652981460863,8,629,4.870827958731723e-06,0.13479232258194443,0.9682976230191962,0.01582418548159797,TrialState.COMPLETE
33,0.943790861852036,0.042266857264062714,8,634,8.442695315933311e-05,0.2791650876229324,0.9402211541321375,0.024834334310630528,TrialState.COMPLETE
34,0.8413428920014854,0.19996213869660165,7,696,2.6048829944510607e-07,0.13383734021837249,0.8521962004016308,0.017536838378261154,TrialState.COMPLETE
35,0.906821039136213,0.14040520363152942,8,848,8.75644498187463e-06,0.05371111356250489,0.7712913902456672,0.01537809034807943,TrialState.COMPLETE
36,0.8618242850888987,0.02241431684398715,6,887,9.688598770123207e-07,0.057107722508628216,0.7681455817619088,0.07223448533506258,TrialState.COMPLETE
37,0.7517278210320458,0.07570156409600143,7,994,1.5335484242538647e-05,0.1466731583280494,0.7811404668122222,0.01740548755819256,TrialState.COMPLETE
38,0.835307036902955,0.10780987059771477,8,940,1.504944934402683e-07,0.7177989175280234,0.6973906218070755,0.01347173882191819,TrialState.COMPLETE
39,0.6694690418359438,0.103901971657723,5,960,1.420648031947492e-08,1.2959942289932285,0.6901174017466537,0.04124536347566892,TrialState.COMPLETE
